User,PPD_0,PPD_1,PPD_2,PPD_3,PPD_4,RRD_0,RRD_1,RRD_2,RRD_3,RRD_4,RPD_0,RPD_1,RPD_2,RPD_3,RPD_4,PRD_0,PRD_1,PRD_2,PRD_3,PRD_4,Hold_Time_0,Hold_Time_1,Hold_Time_2,Hold_Time_3,Hold_Time_4,PPD_Sum,RRD_Sum,RPD_Sum,PRD_Sum,Typing_Speed_Avg,Typing_Speed_Max,Typing_Speed_Min,HT_Sum,Hold_Time_Avg,Hold_Time_Std,Key_Type_1,Key_Type_2,Key_Type_3,Key_Type_4,Key_Type_5,Key_Section_1,Key_Section_2,Key_Section_3,Key_Section_4,Key_Section_5
Fazil,0.0,0.16057200000000005,0.926251,0.176145,1.9463789999999999,0.0,0.040672,0.69547,0.019302,2.256342,0,0.30981000000000003,0.575769,0.29584600000000005,1.631231,0,0.18991,1.045952,0.139003,2.57149,0.149238,0.350482,0.119701,0.315148,0.625111,2.535913,3.0117860000000003,1.601344,3.9463549999999996,0.5071825999999999,1.9463789999999999,-0.176145,1.55968,0.311936,0.1805544937762558,4,7,4.0,7.0,7.0,0,1,0.0,1.0,1.0
Fazil,0.854763,0.135737,0.134763,0.210489,0.180469,0.344905,0.13523,0.116486,0.283569,0.080483,0,0.020484,0.020017,0.11402,0.01092,0,0.250483,0.231232,0.380038,0.250032,0.115253,0.114746,0.096469,0.169549,0.069563,1.516221,0.960673,0.165441,1.111785,0.3032442,0.854763,0.134763,0.56558,0.113116,0.03275940651477069,4,4,4.0,4.0,4.0,1,3,2.0,2.0,2.0
Fazil,0.319704,0.128134,0.217864,0.209612,0.135134,0.37023,0.1302,0.184421,0.22598,0.139918,0,0.008045,0.095709,0.1209,0.030054,0,0.250289,0.306576,0.314692,0.244998,0.120089,0.122155,0.088712,0.10508,0.109864,1.010448,1.050749,0.254708,1.116555,0.2020896,0.319704,0.128134,0.5459,0.10918000000000001,0.012029744685570014,4,4,4.0,4.0,4.0,3,3,4.0,5.0,4.0
Fazil,0.184889,0.194326,0.181039,0.17955,0.200345,0.184684,0.170119,0.191621,0.168733,0.205467,0,0.084667,0.095587,0.083516,0.115128,0,0.279778,0.277073,0.264767,0.290684,0.109659,0.085452,0.096034,0.085217,0.090339,0.940149,0.920624,0.378898,1.1123020000000001,0.1880298,0.200345,0.17955,0.466701,0.0933402,0.009063962387388864,4,4,4.0,4.0,4.0,5,5,4.0,4.0,5.0
Fazil,0.200536,0.300069,0.295266,0.225001,0.210178,0.184469,0.325995,0.295288,0.224719,0.215248,0,0.225797,0.195068,0.124781,0.11024,0,0.400267,0.395486,0.324939,0.315186,0.074272,0.100198,0.10022,0.099938,0.105008,1.23105,1.245719,0.655886,1.435878,0.24620999999999998,0.300069,0.200536,0.47963599999999995,0.09592719999999999,0.010992388246418518,4,4,4.0,4.0,4.0,6,1,3.0,2.0,3.0
Fazil,0.169582,0.230466,0.29018,0.381113,0.19938,0.150391,0.250329,0.274265,0.386133,0.204448,0,0.144649,0.1845,0.291348,0.104595,0,0.336146,0.379945,0.475898,0.299233,0.085817,0.10568,0.089765,0.094785,0.099853,1.270721,1.265566,0.725092,1.491222,0.2541442,0.381113,0.169582,0.4759,0.09518,0.00706018339705138,4,4,4.0,4.0,4.0,4,3,2.0,2.0,4.0
Fazil,0.144846,0.785356,0.33503400000000005,5.123372,0.15369699999999997,0.1507,0.840239,0.059457,4.717346,0.026034,0,0.679649,0.49562399999999995,4.568291,0.302752,0,0.945946,0.220047,5.272427,0.175089,0.105707,0.16059,0.555081,0.149055,0.328786,5.564843,5.793776,4.4495640000000005,6.6135090000000005,1.1129685999999999,5.123372,-0.33503400000000005,1.2992190000000001,0.2598438,0.16601304728171218,4,4,7.0,4.0,7.0,1,0,1.0,0.0,1.0
Fazil,0.979093,0.08562599999999998,3.102638,0.16016600000000003,0.981462,0.775015,0.009995,3.032338,0.019919,0.795392,0,0.21033400000000002,2.8823090000000002,0.310195,0.651348,0,0.134703,3.2526669999999998,0.169948,1.1255060000000001,0.124708,0.220329,0.150029,0.330114,0.144044,4.817400999999999,4.632659,3.013128,4.682824,0.9634801999999999,3.102638,-0.16016600000000003,0.9692240000000001,0.1938448,0.07543281625764744,4,7,4.0,7.0,4.0,0,1,0.0,1.0,0.0
Fazil,0.11521400000000004,1.685503,0.149519,0.135932,0.234787,0.01925,1.547208,0.115505,0.149293,0.284741,0,1.406995,0.009306,0.029733,0.115227,0,1.825716,0.255718,0.255492,0.404301,0.278508,0.140213,0.106199,0.11956,0.169514,2.090527,2.115997,1.561261,2.741227,0.41810539999999996,1.685503,-0.11521400000000004,0.8139940000000001,0.16279880000000002,0.06167165057431168,7,4,4.0,4.0,4.0,1,1,3.0,2.0,2.0
Fazil,0.150004,0.249704,0.120695,0.235326,0.214836,0.085004,0.280268,0.075515,0.229552,0.20066,0,0.14519,0.014383000000000035,0.145428,0.130712,0,0.384782,0.210593,0.31945,0.284784,0.104514,0.135078,0.089898,0.084124,0.069948,0.970565,0.8709990000000001,0.40694699999999995,1.199609,0.194113,0.249704,0.120695,0.48356200000000005,0.0967124,0.022154102081555913,4,4,4.0,4.0,4.0,2,3,3.0,4.0,5.0
Fazil,0.280061,0.295332,0.196736,0.183559,0.184591,0.345352,0.255221,0.190131,0.19174,0.193544,0,0.160093,0.101608,0.095036,0.087887,0,0.39046,0.285259,0.280263,0.290248,0.135239,0.095128,0.088523,0.096704,0.105657,1.140279,1.175988,0.444624,1.24623,0.2280558,0.295332,0.183559,0.521251,0.1042502,0.016430394388449718,4,4,4.0,4.0,4.0,4,5,5.0,4.0,4.0
Fazil,0.235292,0.210484,0.154443,0.300383,0.210577,0.230107,0.199767,0.185591,0.291258,0.234496,0,0.110012,0.064688,0.17948,0.098799,0,0.300239,0.275346,0.412161,0.346274,0.100472,0.089755,0.120903,0.111778,0.135697,1.111179,1.141219,0.452979,1.33402,0.22223580000000004,0.300383,0.154443,0.558605,0.111721,0.01592611758087953,4,4,4.0,4.0,4.0,5,6,1.0,3.0,2.0
Fazil,0.244848,0.149963,0.220943,0.208987,0.276079,0.159323,0.207736,0.222058,0.210703,0.259973,0,0.099791,0.112998,0.099927,0.165303,0,0.257908,0.330003,0.319763,0.370749,0.050172,0.107945,0.10906,0.110776,0.09467,1.1008200000000001,1.059793,0.478019,1.278423,0.22016400000000003,0.276079,0.149963,0.472623,0.0945246,0.022902695296405616,4,4,4.0,4.0,4.0,3,4,3.0,2.0,2.0
Fazil,0.245104,0.171035,0.799923,0.221047,0.223508,0.239813,0.195084,0.811026,0.220322,0.209987,0,0.081656,0.686495,0.096516,0.099702,0,0.284463,0.924454,0.344853,0.333793,0.089379,0.113428,0.124531,0.123806,0.110285,1.660617,1.676232,0.964369,1.887563,0.3321234,0.799923,0.171035,0.561429,0.11228579999999999,0.012749033208835876,4,4,4.0,4.0,4.0,4,1,1.0,3.0,2.0
Fazil,0.240248,0.184439,0.241182,0.234302,0.23608,0.25955,0.150361,0.251049,0.209305,0.250336,0,0.054852,0.145673,0.128926,0.155701,0,0.279948,0.346558,0.314681,0.330715,0.129587,0.095509,0.105376,0.080379,0.094635,1.1362510000000001,1.120601,0.485152,1.2719019999999999,0.2272502,0.241182,0.184439,0.505486,0.1010972,0.0163230429320026,4,4,4.0,4.0,4.0,2,2,3.0,3.0,4.0
Fazil,0.260148,0.164831,0.225766,0.194207,0.165288,0.270351,0.169764,0.214506,0.200474,0.161027,0,0.059993,0.115995,0.095696,0.06051,0,0.274602,0.324277,0.298985,0.265805,0.104838,0.109771,0.098511,0.104778,0.100517,1.01024,1.016122,0.332194,1.163669,0.202048,0.260148,0.164831,0.518415,0.103683,0.003908194826259303,4,4,4.0,4.0,4.0,5,4,5.0,5.0,4.0
Fazil,0.196414,0.204474,0.205926,0.199635,0.344584,0.189694,0.207587,0.232968,0.169703,0.34063,0,0.110677,0.109016,0.075683,0.250564,0,0.301384,0.329878,0.293655,0.43465,0.093797,0.09691,0.123952,0.09402,0.090066,1.151033,1.140582,0.54594,1.359567,0.23020659999999998,0.344584,0.196414,0.498745,0.099749,0.012295148343960722,4,4,4.0,4.0,4.0,4,5,6.0,1.0,3.0
Fazil,0.234786,0.246363,0.169546,0.219941,0.244862,0.245386,0.230062,0.169022,0.255927,0.295267,0,0.145697,0.085181,0.1361,0.125035,0,0.330728,0.253387,0.339768,0.415094,0.100666,0.084365,0.083841,0.119827,0.170232,1.115498,1.195664,0.49201300000000003,1.338977,0.22309959999999998,0.246363,0.169546,0.5589310000000001,0.11178620000000002,0.03205333449986132,4,4,4.0,4.0,4.0,2,3,4.0,3.0,2.0
Fazil,0.325208,0.21489,0.240869,1.475523,0.545716,0.275666,0.219625,0.245084,1.456497,0.419679,0,0.0942,0.115444,1.345883,0.6563300000000001,0,0.340315,0.370509,1.586137,0.530293,0.12069,0.125425,0.12964,0.110614,1.076009,1.710774,2.616551,0.8991969999999999,2.827254,0.3421548,1.475523,-0.545716,1.562378,0.3124756,0.381819291923601,4,4,4.0,4.0,7.0,2,4,1.0,0.0,1.0
Aisha,2388160.712669,0.148517,0.191366,0.199094,0.419874,2388161.682278,0.183309,0.17361,0.24062,0.407006,0,0.042117,0.050174,0.075658,0.254912,0,0.289709,0.314802,0.364056,0.571968,0.1064,0.141192,0.123436,0.164962,0.152094,-2388159.753818,-2388160.677733,0.42286100000000004,1.540535,-477631.95076360006,0.419874,-2388160.712669,0.6880839999999999,0.13761679999999998,0.02071576708113895,4,4,4.0,0.0,4.0,3,4,2.0,9.0,1.0
Aisha,0.399786,0.238972,0.445675,0.188412,0.552176,0.32776,0.274175,0.461889,0.177168,0.602144,0,0.158904,0.330404,0.056927,0.431935,0,0.354243,0.57716,0.308653,0.722385,0.080068,0.115271,0.131485,0.120241,0.170209,1.825021,1.8431359999999999,0.97817,1.962441,0.3650042,0.552176,0.188412,0.617274,0.1234548,0.029017776747366435,4,4,4.0,4.0,0.0,4,5,2.0,5.0,9.0
Aisha,0.425166,0.302844,0.211429,0.248341,0.286435,0.362287,0.289867,0.253384,0.278016,0.223634,0,0.195514,0.117076,0.112033,0.120452,0,0.397197,0.347737,0.414324,0.389617,0.10733,0.094353,0.136308,0.165983,0.103182,1.474215,1.407188,0.545075,1.548875,0.294843,0.425166,0.211429,0.607156,0.1214312,0.02634876892304458,4,4,4.0,4.0,4.0,3,3,5.0,2.0,4.0
Aisha,0.261194,1.075495,0.19106,0.351675,0.130727,0.272273,1.10632,0.160802,0.347214,0.140209,0,0.961234,0.045974,0.236847,0.02036,0,1.220581,0.305888,0.462042,0.250576,0.114261,0.145086,0.114828,0.110367,0.119849,2.010151,2.026818,1.264415,2.239087,0.4020302,1.075495,0.130727,0.604391,0.1208782,0.012473607455744305,0,4,4.0,4.0,0.0,9,3,5.0,2.0,9.0
Aisha,0.28897,0.19431,0.2932,0.316823,0.221415,0.268204,0.185042,0.296419,0.366013,0.241028,0,0.095227,0.203385,0.223789,0.079191,0,0.284125,0.386234,0.459047,0.383252,0.099083,0.089815,0.093034,0.142224,0.161837,1.314718,1.356706,0.601592,1.512658,0.2629436,0.316823,0.19431,0.585993,0.1171986,0.02926028641418262,4,4,4.0,4.0,4.0,4,4,4.0,6.0,2.0
Aisha,0.484091,0.550973,0.426238,0.334173,0.807786,0.432971,0.555902,0.467752,0.300215,0.839849,0,0.440256,0.310592,0.177013,0.684584,0,0.666619,0.583398,0.457375,0.963051,0.110717,0.115646,0.15716,0.123202,0.155265,2.603261,2.596689,1.612445,2.6704429999999997,0.5206522,0.807786,0.334173,0.66199,0.132398,0.019856072189635084,0,4,8.0,4.0,4.0,9,6,7.0,5.0,3.0
Aisha,0.104875,0.204175,0.137152,1.365071,0.127825,0.132279,0.139907,0.172182,1.313269,0.140865,0,0.021506,0.018751,1.21164,0.026196,0,0.322576,0.290583,1.4667,0.242494,0.182669,0.118401,0.153431,0.101629,0.114669,1.939098,1.8985020000000001,1.2780930000000001,2.3223529999999997,0.3878196,1.365071,0.104875,0.670799,0.1341598,0.02970187079899177,4,4,0.0,4.0,4.0,2,3,9.0,3.0,4.0
Aisha,0.521885,0.086077,0.363278,0.177467,0.339273,0.539983,0.068289,0.422958,0.135353,0.385779,0,0.04669000000000001,0.248299,0.002808,0.206728,0,0.201056,0.537937,0.310012,0.518324,0.132767,0.114979,0.174659,0.132545,0.179051,1.48798,1.552362,0.411145,1.567329,0.29759599999999997,0.521885,0.086077,0.734001,0.1468002,0.02541242623914529,4,0,4.0,4.0,4.0,2,9,5.0,1.0,1.0
Aisha,0.226288,0.556529,0.662002,0.189676,0.311149,0.174635,0.575238,0.6482,0.172586,0.302849,0,0.429131,0.515895,0.057371,0.195934,0,0.702636,0.794307,0.304891,0.418064,0.127398,0.146107,0.132305,0.115215,0.106915,1.9456440000000002,1.873508,1.198331,2.219898,0.38912880000000005,0.662002,0.189676,0.6279399999999999,0.12558799999999998,0.013606642554282079,4,0,4.0,4.0,4.0,4,9,2.0,5.0,3.0
Aisha,0.503983,0.32083,0.747236,0.379604,0.165444,0.496679,0.370145,0.698239,0.394327,0.207675,0,0.221219,0.59831,0.279675,0.050792,0,0.469756,0.847165,0.494256,0.322327,0.099611,0.148926,0.099929,0.114652,0.156883,2.117097,2.167065,1.149996,2.133504,0.42341940000000006,0.747236,0.165444,0.620001,0.1240002,0.024348382413622468,6,0,7.0,4.0,7.0,5,9,1.0,2.0,1.0
Aisha,0.245565,0.139801,0.22406,0.174346,0.383765,0.215358,0.150117,0.210602,0.174306,0.405205,0,0.013125,0.087068,0.050812,0.260271,0,0.276793,0.347594,0.29784,0.528699,0.126676,0.136992,0.123534,0.123494,0.144934,1.167537,1.155588,0.411276,1.450926,0.2335074,0.383765,0.139801,0.65563,0.13112600000000002,0.00849422401399916,4,4,4.0,4.0,0.0,3,2,3.0,4.0,9.0
Aisha,0.699205,0.378838,0.366143,0.678137,0.642694,0.677462,0.355826,0.390022,0.632877,0.661579,0,0.255647,0.265964,0.554079,0.563896,0,0.479017,0.490201,0.756935,0.740377,0.123191,0.100179,0.124058,0.078798,0.097683,2.765017,2.717766,1.639586,2.46653,0.5530034,0.699205,0.366143,0.523909,0.1047818,0.01707165558930943,5,5,7.0,0.0,4.0,2,4,1.0,9.0,4.0
Aisha,0.159624,0.298785,0.298864,0.323323,0.162444,0.20701,0.294219,0.300049,0.301368,0.171936,0,0.153716,0.158361,0.181635,0.042711,0,0.439288,0.440552,0.443056,0.291669,0.145069,0.140503,0.141688,0.119733,0.129225,1.2430400000000001,1.274582,0.536423,1.614565,0.24860800000000002,0.323323,0.159624,0.676218,0.1352436,0.009407787446578497,4,4,4.0,4.0,4.0,5,4,4.0,3.0,2.0
Aisha,0.308021,1.029899,1.4756230000000001,0.457201,0.219383,0.319236,1.052394,1.39704,0.512949,0.197928,0,0.889459,1.312688,0.372849,0.079283,0,1.192834,1.5599750000000001,0.597301,0.338028,0.14044,0.162935,0.084352,0.1401,0.118645,3.490127,3.479547,2.6542790000000003,3.688138,0.6980254,1.4756230000000001,0.219383,0.646472,0.1292944,0.026479820230507607,4,6,0.0,8.0,8.0,2,5,9.0,7.0,7.0
Aisha,0.191593,0.1843,0.173878,0.19116,0.174623,0.18013,0.170308,0.185078,0.180201,0.191923,0,0.077118,0.080688,0.08677,0.081192,0,0.27749,0.278268,0.284591,0.285354,0.107182,0.09319,0.10439,0.093431,0.110731,0.915554,0.90764,0.325768,1.1257030000000001,0.1831108,0.191593,0.173878,0.5089239999999999,0.10178479999999998,0.007205662923007154,8,8,8.0,8.0,8.0,7,7,7.0,7.0,7.0
Aisha,0.20874,0.183082,0.583244,0.804401,0.446215,0.200701,0.183251,0.597818,0.818573,0.527828,0,0.08039,0.480383,0.686966,0.314608,0,0.285943,0.700679,0.936008,0.659435,0.102692,0.102861,0.117435,0.131607,0.21322,2.225682,2.3281709999999998,1.562347,2.582065,0.4451364,0.804401,0.183082,0.6678149999999999,0.133563,0.04124271429961903,8,8,7.0,4.0,4.0,7,7,1.0,4.0,5.0
Aisha,0.767379,0.231931,0.317883,0.152699,0.577613,0.665864,0.217837,0.334945,0.179629,0.589555,0,0.120226,0.220272,0.038026,0.43601,0,0.329542,0.432556,0.294302,0.731158,0.111705,0.097611,0.114673,0.141603,0.153545,2.047505,1.98783,0.814534,1.787558,0.409501,0.767379,0.152699,0.619137,0.1238274,0.020577477761863815,4,4,4.0,4.0,4.0,4,4,3.0,2.0,2.0
Aisha,3.961334,0.288631,0.189578,0.184901,0.173588,3.906189,0.292722,0.232301,0.180513,0.173494,0,0.190231,0.087087,0.039687,0.032762,0,0.391122,0.334792,0.325727,0.31432,0.0984,0.102491,0.145214,0.140826,0.140732,4.798032,4.785219,0.349767,1.365961,0.9596063999999999,3.961334,0.173588,0.627663,0.1255326,0.020588155153874278,6,0,4.0,4.0,4.0,5,9,2.0,5.0,4.0
Aisha,0.149565,0.387767,0.156584,0.218728,0.284989,0.140115,0.388405,0.15207,0.192951,0.340059,0,0.256485,0.024664,0.091322,0.18336,0,0.519687,0.28399,0.320357,0.441688,0.131282,0.13192,0.127406,0.101629,0.156699,1.197633,1.2136,0.555831,1.565722,0.23952659999999998,0.387767,0.149565,0.6489360000000001,0.12978720000000002,0.017490469306453732,4,4,4.0,4.0,4.0,2,3,4.0,5.0,4.0
Aisha,0.169211,0.507391,0.48307,0.245405,0.186343,0.132283,0.50318,0.478646,0.223359,0.242578,0,0.38762,0.36751,0.134269,0.097253,0,0.622951,0.594206,0.334495,0.331668,0.119771,0.11556,0.111136,0.08909,0.145325,1.59142,1.580046,0.9866520000000001,1.88332,0.318284,0.507391,0.169211,0.580882,0.1161764,0.018011222485994672,4,0,4.0,4.0,4.0,3,9,4.0,2.0,2.0
Aisha,0.166991,0.323826,0.510954,0.167918,0.213705,0.140529,0.382364,0.414431,0.180606,0.261665,0,0.204963,0.333553,0.08704,0.120139,0,0.501227,0.591832,0.261484,0.355231,0.118863,0.177401,0.080878,0.093566,0.141526,1.383394,1.379595,0.745695,1.709774,0.2766788,0.510954,0.166991,0.612234,0.1224468,0.03452213589800029,0,4,4.0,4.0,4.0,9,1,6.0,6.0,2.0
Aisha,0.32827,0.347806,0.321371,0.786015,0.715542,0.378346,0.279456,0.331866,1.151366,0.323448,0,0.156204,0.198119,0.652268,0.216444,0,0.471058,0.455118,1.285113,0.822546,0.191602,0.123252,0.133747,0.499098,0.107004,2.4990040000000002,2.464482,1.2230349999999999,3.033835,0.49980080000000005,0.786015,0.321371,1.054703,0.21094059999999998,0.14687384239217002,4,4,4.0,7.0,0.0,1,3,2.0,6.0,7.0
Aisha,6.629787,0.326362,0.115575,0.261719,0.147985,6.668665,0.309002,0.119233,0.249767,0.168532,0,0.18048,0.012947000000000042,0.129539,0.027757,0,0.454884,0.247755,0.381947,0.28876,0.145882,0.128522,0.13218,0.120228,0.140775,7.481428,7.515199,0.3248289999999999,1.373346,1.4962856,6.629787,0.115575,0.6675869999999999,0.13351739999999998,0.009043305846868173,7,4,7.0,4.0,4.0,1,3,1.0,4.0,2.0
Aisha,0.195657,1.407794,0.158641,0.359585,0.499539,0.205409,1.389624,0.109741,0.361373,0.57753,0,1.2572670000000001,0.026284,0.276128,0.414294,0,1.540151,0.242098,0.44483,0.662775,0.150527,0.132357,0.083457,0.085245,0.163236,2.621216,2.643677,1.9739730000000002,2.889854,0.5242432,1.407794,0.158641,0.614822,0.1229644,0.033025164378697645,0,4,4.0,4.0,4.0,9,1,4.0,5.0,2.0
Aisha,0.208387,0.473659,0.535234,0.51606,0.558565,0.203126,0.469793,0.479385,0.477605,0.648017,0,0.315684,0.381125,0.4178,0.49876,0,0.627768,0.633494,0.575865,0.707822,0.157975,0.154109,0.09826,0.059805,0.149257,2.291905,2.277926,1.613369,2.544949,0.458381,0.558565,0.208387,0.619406,0.1238812,0.03868395949951349,4,0,4.0,4.0,4.0,5,9,3.0,3.0,5.0
Aisha,0.404994,0.228768,0.869479,1.337111,0.332228,0.388047,0.226276,0.880301,1.304362,0.37372,0,0.096458,0.739661,1.196471,0.224337,0,0.358586,1.010119,1.4450020000000001,0.481611,0.13231,0.129818,0.14064,0.107891,0.149383,3.17258,3.172706,2.256927,3.295318,0.6345160000000001,1.337111,0.228768,0.660042,0.1320084,0.01387745683617859,4,4,0.0,4.0,4.0,2,4,9.0,3.0,5.0
Aisha,0.279947,0.246206,0.924528,0.199343,0.229065,0.314162,0.225023,0.859149,0.226131,0.238304,0,0.062608,0.762113,0.102307,0.105241,0,0.408621,1.021564,0.323167,0.362128,0.183598,0.162415,0.097036,0.123824,0.133063,1.879089,1.8627690000000001,1.032269,2.11548,0.3758178,0.924528,0.199343,0.6999360000000001,0.13998720000000003,0.030195719070093368,4,0,4.0,4.0,4.0,2,9,4.0,4.0,4.0
Aisha,0.392851,0.197188,0.430769,0.454993,0.301005,0.400234,0.221367,0.427425,0.42387,0.294568,0,0.056742,0.266144,0.293712,0.170847,0,0.361813,0.59205,0.585151,0.424726,0.140446,0.164625,0.161281,0.130158,0.123721,1.776806,1.767464,0.787445,1.96374,0.3553612,0.454993,0.197188,0.720231,0.14404619999999999,0.016367544927691508,4,4,0.0,4.0,4.0,6,2,9.0,5.0,3.0
Aisha,0.190511,0.227448,0.095461,0.192553,0.271599,0.20332,0.205776,0.086725,0.203612,0.291355,0,0.090918,0.019396999999999998,0.086431,0.154418,0,0.342306,0.201583,0.309734,0.408536,0.13653,0.114858,0.106122,0.117181,0.136937,0.977572,0.990788,0.31237,1.262159,0.19551439999999998,0.271599,0.095461,0.611628,0.12232559999999999,0.012329205985788384,4,4,0.0,4.0,4.0,2,3,9.0,3.0,4.0
Aisha,0.140484,0.143443,0.614428,0.10708,0.269763,0.115462,0.188908,0.588948,0.15328,0.225421,0,0.031528,0.457048,0.024819999999999953,0.091663,0,0.300823,0.746328,0.28518,0.403521,0.111915,0.15738,0.1319,0.1781,0.133758,1.2751979999999998,1.272019,0.5554190000000001,1.735852,0.25503960000000003,0.614428,0.10708,0.7130529999999999,0.14261059999999998,0.022860175096442288,4,0,4.0,4.0,4.0,2,9,5.0,1.0,1.0
Aisha,0.115652,0.189045,0.710374,0.107575,0.317567,0.102039,0.187608,0.707223,0.120572,0.313465,0,0.0689,0.591666,0.007982000000000045,0.189013,0,0.307753,0.825931,0.236129,0.442019,0.120145,0.118708,0.115557,0.128554,0.124452,1.440213,1.430907,0.8415969999999999,1.8118319999999999,0.2880425999999999,0.710374,0.107575,0.607416,0.12148319999999999,0.00454801817938319,4,0,4.0,4.0,4.0,4,9,2.0,5.0,3.0
Aisha,0.494796,0.351006,0.132386,0.479594,0.367041,0.523887,0.276111,0.216003,0.414761,0.419006,0,0.197463,0.053738,0.317329,0.269609,0,0.429654,0.294651,0.577026,0.516438,0.153543,0.078648,0.162265,0.097432,0.149397,1.824823,1.849768,0.838139,1.817769,0.3649646,0.494796,0.132386,0.6412850000000001,0.128257,0.03362754515572018,6,0,7.0,4.0,8.0,5,9,1.0,2.0,7.0
Aisha,0.145956,0.303746,0.497449,0.142277,0.260352,0.098136,0.357648,0.474177,0.137498,0.234501,0,0.202169,0.34197,0.01007,0.132924,0,0.459225,0.629656,0.269705,0.361929,0.101577,0.155479,0.132207,0.127428,0.101577,1.34978,1.30196,0.687133,1.720515,0.269956,0.497449,0.142277,0.618268,0.1236536,0.020371624221941657,4,7,4.0,4.0,4.0,2,1,3.0,2.0,3.0
Aisha,0.114749,0.181506,0.324816,0.274035,0.16348,0.132184,0.199694,0.291905,0.297605,0.193089,0,0.062494,0.187616,0.169746,0.035621,0,0.318706,0.429105,0.401894,0.320948,0.119012,0.1372,0.104289,0.127859,0.157468,1.058586,1.114477,0.455477,1.470653,0.2117172,0.324816,0.114749,0.6458280000000001,0.12916560000000002,0.0178282105282611,4,0,5.0,5.0,0.0,4,9,2.0,4.0,9.0
Aisha,1.057867,0.157681,0.236736,0.196043,0.318756,0.993887,0.192022,0.2376,0.197971,0.273435,0,0.064193,0.108907,0.06735,0.188135,0,0.28551,0.365429,0.326664,0.404056,0.093488,0.127829,0.128693,0.130621,0.0853,1.967083,1.894915,0.428585,1.381659,0.3934166,1.057867,0.157681,0.565931,0.11318619999999999,0.019618888463926794,4,4,4.0,4.0,4.0,4,5,4.0,4.0,3.0
Aisha,0.159523,0.308414,0.201691,0.325024,0.786279,0.227766,0.31827,0.154087,0.324465,0.807867,0,0.154871,0.038292,0.209229,0.671043,0,0.471813,0.317486,0.44026,0.923103,0.153543,0.163399,0.115795,0.115236,0.136824,1.780931,1.832455,1.073435,2.152662,0.3561862,0.786279,0.159523,0.6847970000000001,0.1369594,0.0194623971041596,4,4,6.0,0.0,4.0,2,2,5.0,9.0,2.0
Aisha,0.123813,0.201587,0.115569,0.273,0.268894,0.175032,0.154507,0.153666,0.204688,0.285358,0,0.013544,0.025394000000000028,0.09394,0.158146,0,0.34255,0.294629,0.383748,0.396106,0.188043,0.140963,0.17906,0.110748,0.127212,0.982863,0.973251,0.24023599999999998,1.417033,0.19657260000000001,0.273,0.115569,0.746026,0.14920519999999998,0.029766675094138408,4,4,4.0,4.0,4.0,5,4,2.0,3.0,4.0
Aisha,0.237913,0.306856,0.27975,0.211635,0.332112,0.251527,0.322913,0.224723,0.245716,0.31118,0,0.16603,0.122867,0.109779,0.196175,0,0.463739,0.381606,0.347572,0.447117,0.140826,0.156883,0.101856,0.135937,0.115005,1.368266,1.3560590000000001,0.594851,1.640034,0.2736532,0.332112,0.211635,0.6505070000000001,0.1301014,0.019452656811859915,4,4,4.0,0.0,4.0,5,4,3.0,9.0,4.0
Aisha,0.123992,0.200043,0.151932,0.19765,0.149787,0.145476,0.200137,0.116215,0.237612,0.111032,0,0.063554,0.015349,0.096784,0.008959,0,0.336626,0.252798,0.338478,0.25186,0.136489,0.136583,0.100866,0.140828,0.102073,0.823404,0.810472,0.184646,1.179762,0.16468080000000002,0.200043,0.123992,0.616839,0.1233678,0.01795252347053194,4,4,0.0,4.0,4.0,2,2,9.0,1.0,6.0
Aisha,0.198553,0.321067,0.349012,0.258946,0.186684,0.215958,0.336692,0.379928,0.212286,0.183048,0,0.201589,0.213909,0.092927,0.067325,0,0.45617,0.515031,0.378305,0.302407,0.119478,0.135103,0.166019,0.119359,0.115723,1.314262,1.327912,0.57575,1.651913,0.2628524,0.349012,0.186684,0.655682,0.1311364,0.018680085862757694,4,4,4.0,4.0,4.0,6,2,1.0,3.0,2.0
Aisha,0.781337,1.490744,10.15173,0.149517,0.157639,0.939758,1.332487,10.171652,0.154126,0.139844,0,1.2166,10.035843,0.013708,0.017221,0,1.6066310000000001,10.287539,0.289935,0.280262,0.274144,0.115887,0.135809,0.140418,0.122623,12.730967000000001,12.737867,11.283372,12.464367000000001,2.5461934,10.15173,0.149517,0.788881,0.1577762,0.05884858945939146,7,0,7.0,4.0,7.0,6,7,1.0,3.0,1.0
Aisha,0.172181,0.212772,0.127472,0.266237,0.107515,0.154811,0.236315,0.122278,0.258083,0.077301,0,0.107519,0.0013239999999999919,0.142635,0.007932999999999968,0,0.341568,0.251074,0.381685,0.192749,0.105253,0.128796,0.123602,0.115448,0.085234,0.886177,0.848788,0.24089700000000006,1.167076,0.1772354,0.266237,0.107515,0.558333,0.11166659999999999,0.015427155999729825,4,4,0.0,4.0,4.0,4,2,9.0,1.0,4.0
Aisha,0.184994,0.509593,0.128168,0.592503,0.495785,0.202382,0.531331,0.12423,0.595498,0.474232,0,0.406971,0.003808,0.472081,0.372368,0,0.633953,0.24859,0.71592,0.597649,0.102622,0.12436,0.120422,0.123417,0.101864,1.9110429999999998,1.927673,1.255228,2.196112,0.38220859999999995,0.592503,0.128168,0.572685,0.114537,0.010124733161915922,4,4,4.0,0.0,4.0,5,2,5.0,9.0,3.0
Aisha,0.321886,0.518089,0.173496,0.978287,0.552111,0.33115,0.54708,0.148551,0.944716,0.551985,0,0.406961,0.033377,0.863113,0.470508,0,0.658208,0.28867,1.05989,0.633588,0.111128,0.140119,0.115174,0.081603,0.081477,2.543869,2.523482,1.773959,2.640356,0.5087737999999999,0.978287,0.173496,0.529501,0.1059002,0.022231087057541742,4,8,4.0,4.0,8.0,2,7,3.0,5.0,7.0
Aisha,0.622964,0.183348,0.368741,0.921029,0.916328,0.655591,0.211109,0.368269,0.958182,0.835434,0,0.069244,0.226876,0.779636,0.737782,0,0.325213,0.510134,1.099575,1.01398,0.114104,0.141865,0.141393,0.178546,0.097652,3.01241,3.028585,1.813538,2.948902,0.602482,0.921029,0.183348,0.6735599999999999,0.134712,0.027623736133984486,4,4,4.0,0.0,4.0,5,2,4.0,9.0,3.0
Aisha,0.204629,0.314726,0.535807,0.520578,0.245196,0.247259,0.312647,0.511878,0.490572,0.232528,0,0.174444,0.397604,0.406304,0.160928,0,0.452929,0.650081,0.604846,0.316796,0.140282,0.138203,0.114274,0.084268,0.0716,1.820936,1.7948840000000001,1.13928,2.024652,0.36418720000000004,0.535807,0.204629,0.548627,0.1097254,0.027810050727030324,4,4,0.0,4.0,4.0,5,2,9.0,4.0,4.0
Aisha,0.171115,0.265529,0.195435,0.179961,0.742702,0.239512,0.257328,0.230296,0.133801,0.721227,0,0.125532,0.063639,0.013304,0.622205,0,0.397325,0.362092,0.300458,0.841724,0.139997,0.131796,0.166657,0.120497,0.099022,1.554742,1.582164,0.82468,1.901599,0.3109484,0.742702,0.171115,0.657969,0.1315938,0.02228965578379352,4,4,4.0,0.0,4.0,4,6,2.0,9.0,5.0
Aisha,0.658747,0.114886,0.156932,0.107185,0.171942,0.721655,0.094459,0.173453,0.094277,0.160722,0,0.047043999999999975,0.015429,0.05083899999999997,0.026826,0,0.256389,0.314956,0.252301,0.305838,0.16193,0.141503,0.158024,0.145116,0.133896,1.209692,1.244566,-0.05562799999999994,1.129484,0.2419384,0.658747,0.107185,0.7404689999999999,0.1480938,0.010430079240350958,4,4,4.0,0.0,4.0,3,2,3.0,9.0,3.0
Aisha,0.244533,0.08648,0.605547,0.573008,0.132657,0.235426,0.080595,0.622223,0.54491,0.17416,0,0.03830900000000004,0.486643,0.437428,0.025175,0,0.205384,0.741127,0.68049,0.281642,0.124789,0.118904,0.13558,0.107482,0.148985,1.6422249999999998,1.657314,0.9109369999999999,1.908643,0.328445,0.605547,0.08648,0.63574,0.12714799999999998,0.01420023356145948,4,4,0.0,4.0,4.0,4,2,9.0,5.0,1.0
Aisha,0.31781,0.136679,0.249523,0.503726,0.510539,0.326985,0.093361,0.235776,0.540353,0.479122,0,0.021480999999999972,0.134681,0.402631,0.372817,0,0.251521,0.350618,0.641448,0.616844,0.15816,0.114842,0.101095,0.137722,0.106305,1.718277,1.675597,0.8886480000000001,1.860431,0.3436554,0.510539,0.136679,0.618124,0.1236248,0.02133596036179295,4,4,0.0,4.0,4.0,1,4,9.0,2.0,5.0
Aisha,0.079996,1.453127,0.267377,0.196952,0.404977,0.098545,1.434173,0.276295,0.23468,0.378072,0,1.328273,0.161477,0.082134,0.252431,0,1.559027,0.382195,0.349498,0.530618,0.124854,0.1059,0.114818,0.152546,0.125641,2.402429,2.4217649999999997,1.8243150000000001,2.821338,0.4804858,1.453127,0.079996,0.623759,0.1247518,0.0156677338552836,4,6,0.0,7.0,4.0,3,5,9.0,1.0,2.0
Aisha,0.356336,0.381206,0.112134,0.254789,1.113547,0.358519,0.382594,0.123896,0.217504,1.142138,0,0.253382,0.017078000000000038,0.113815,1.009858,0,0.510418,0.253108,0.358478,1.245827,0.127824,0.129212,0.140974,0.103689,0.13228,2.218012,2.224651,1.3599769999999998,2.3678310000000002,0.44360239999999995,1.113547,0.112134,0.6339790000000001,0.12679580000000001,0.01242511351095031,7,4,4.0,4.0,4.0,1,3,2.0,3.0,4.0
Aisha,0.235387,0.407929,0.617029,0.228249,0.59137,0.239518,0.388016,0.658878,0.19357,0.604204,0,0.271518,0.500531,0.069902,0.467702,0,0.524427,0.775376,0.351917,0.727872,0.136411,0.116498,0.158347,0.123668,0.136502,2.079964,2.084186,1.309653,2.3795919999999997,0.4159928,0.617029,0.228249,0.671426,0.1342852,0.014265432813623283,0,5,5.0,0.0,4.0,9,2,4.0,9.0,4.0
Aisha,0.205692,0.539586,0.16372,0.28291,0.141081,0.197169,0.540551,0.145703,0.308669,0.145217,0,0.411607,0.034776,0.171983,0.004395,0,0.66853,0.274647,0.419596,0.281903,0.127979,0.128944,0.110927,0.136686,0.140822,1.332989,1.337309,0.622761,1.644676,0.2665978,0.539586,0.141081,0.645358,0.1290716,0.01026145753000031,4,4,4.0,4.0,4.0,5,4,4.0,3.0,2.0
Aisha,0.287217,1.250314,0.331149,0.132544,0.175007,0.296187,1.203646,0.34312,0.171109,0.191622,0,1.100522,0.228025,0.017449,0.021347,0,1.353438,0.446244,0.286204,0.345282,0.149792,0.103124,0.115095,0.15366,0.170275,2.176231,2.2056839999999998,1.367343,2.431168,0.4352461999999999,1.250314,0.132544,0.691946,0.1383892,0.025164178932760753,4,6,0.0,4.0,4.0,2,5,9.0,2.0,5.0
Aisha,0.202347,0.132607,0.239482,0.221443,1.177517,0.16886,0.179406,0.166285,0.248802,1.176689,0,0.00418099999999999,0.055895,0.111053,1.039768,0,0.316194,0.349872,0.359192,1.314438,0.136788,0.183587,0.11039,0.137749,0.136921,1.973396,1.940042,1.2025350000000001,2.339696,0.3946792,1.177517,0.132607,0.7054349999999999,0.141087,0.023645443577991934,4,4,4.0,4.0,4.0,4,2,3.0,4.0,5.0
Aisha,0.228326,0.222785,0.220457,0.644081,0.217748,0.203304,0.230388,0.203165,0.657031,0.243473,0,0.110886,0.100955,0.541871,0.102588,0,0.342287,0.322667,0.759241,0.358633,0.111899,0.119502,0.10221,0.11516,0.140885,1.533397,1.537361,0.8563,1.782828,0.30667940000000005,0.644081,0.217748,0.589656,0.11793119999999999,0.012810678848523216,4,4,0.0,4.0,4.0,4,3,9.0,4.0,2.0
Aisha,0.178592,0.138124,0.833393,0.298742,0.220117,0.162528,0.119424,0.880399,0.286695,0.186036,0,0.013303,0.727272,0.145615,0.079037,0,0.244245,0.98652,0.439822,0.327116,0.124821,0.106121,0.153127,0.14108,0.106999,1.668968,1.6350820000000001,0.9652270000000001,1.997703,0.3337936,0.833393,0.138124,0.6321479999999999,0.12642959999999998,0.018547023649092602,4,0,4.0,4.0,4.0,2,9,1.0,6.0,6.0
Aisha,0.156268,0.317726,0.186072,0.165374,0.684713,0.167707,0.339368,0.171703,0.142087,0.903797,0,0.199288,0.045992,0.039663,0.582289,0,0.457806,0.311783,0.267798,1.006221,0.118438,0.14008,0.125711,0.102424,0.321508,1.510153,1.724662,0.8672319999999999,2.043608,0.30203060000000004,0.684713,0.156268,0.8081610000000001,0.16163220000000003,0.0808535110193738,4,4,4.0,4.0,7.0,2,1,3.0,2.0,6.0
Aisha,0.563398,5.987234,0.793853,0.126058,0.180192,0.360536,6.017923,0.725221,0.185204,0.116666,0,5.868588,0.644518,0.045355,0.040343,0,6.136569,0.874556,0.265907,0.256515,0.118646,0.149335,0.080703,0.139849,0.076323,7.650735,7.40555,6.598804,7.5335469999999995,1.5301470000000001,5.987234,0.126058,0.564856,0.11297120000000001,0.02987063016677084,0,7,4.0,7.0,4.0,7,1,3.0,1.0,4.0
Aisha,0.902974,1.186184,0.202718,0.60403,0.458551,0.937205,1.203988,0.209987,0.625828,0.461701,0,1.07563,0.07436,0.468403,0.301126,0,1.3145419999999999,0.338345,0.761455,0.619126,0.110554,0.128358,0.135627,0.157425,0.160575,3.354457,3.4387090000000002,1.9195190000000002,3.033468,0.6708913999999999,1.186184,0.202718,0.692539,0.13850780000000001,0.018641642389017124,4,4,4.0,4.0,0.0,6,5,4.0,3.0,9.0
Aisha,0.581127,0.526385,0.154715,0.18583,0.154547,0.544649,0.491755,0.175796,0.220992,0.141346,0,0.402288,0.065248,0.075282,0.008837,0,0.615852,0.265263,0.33154,0.287056,0.124097,0.089467,0.110548,0.14571,0.132509,1.602604,1.574538,0.551655,1.499711,0.32052079999999994,0.581127,0.154547,0.602331,0.1204662,0.01926022985740305,4,4,4.0,4.0,4.0,5,2,4.0,2.0,3.0
Aisha,0.406845,0.195019,0.188657,0.137763,0.708612,0.402062,0.267958,0.111388,0.167461,0.657883,0,0.067293,0.012008000000000019,0.014367,0.555518,0,0.395684,0.312053,0.290857,0.810977,0.127726,0.200665,0.123396,0.153094,0.102365,1.6368960000000001,1.606752,0.6251699999999999,1.809571,0.3273792,0.708612,0.137763,0.707246,0.1414492,0.03371626098724472,4,4,4.0,4.0,0.0,3,5,5.0,2.0,9.0
Aisha,0.521432,0.13755,0.274361,0.20795,0.15958,0.534819,0.190883,0.233426,0.181621,0.118622,0,0.021798,0.105276,0.0798,0.057759,0,0.306635,0.402511,0.309771,0.220443,0.115752,0.169085,0.12815,0.101821,0.060863,1.300873,1.259371,0.264633,1.23936,0.26017460000000003,0.521432,0.13755,0.5756709999999999,0.11513419999999999,0.03522239625806286,4,4,4.0,4.0,4.0,6,1,3.0,3.0,2.0
Aisha,0.207356,0.220399,0.230368,0.149538,0.647326,0.266292,0.227837,0.239417,0.135917,0.656541,0,0.1006,0.103131,0.013252,0.524661,0,0.347636,0.366654,0.272203,0.779206,0.119799,0.127237,0.136286,0.122665,0.13188,1.454987,1.526004,0.7416440000000001,1.765699,0.2909974,0.647326,0.149538,0.637867,0.1275734,0.005985032217122975,4,4,4.0,0.0,4.0,3,4,2.0,9.0,2.0
Aisha,0.153245,0.162606,0.230981,0.216526,0.188141,0.187785,0.128167,0.205529,0.246369,0.218019,0,0.003813999999999984,0.099,0.109997,0.051769,0,0.294587,0.33751,0.352898,0.354391,0.16642,0.131981,0.106529,0.136372,0.16625,0.951499,0.985869,0.256952,1.339386,0.1902998,0.230981,0.153245,0.707552,0.14151039999999998,0.022686766826500428,4,4,0.0,4.0,4.0,1,4,9.0,3.0,2.0
Aisha,0.225893,0.1804,0.344199,0.130867,0.253185,0.183102,0.171511,0.389415,0.115988,0.231479,0,0.056941,0.229629,0.028919000000000028,0.108278,0,0.29497,0.503985,0.275774,0.376386,0.123459,0.11457,0.159786,0.144907,0.123201,1.134544,1.0914949999999999,0.36592899999999995,1.4511150000000002,0.2269088,0.344199,0.130867,0.665923,0.13318460000000001,0.016648195344841438,4,4,4.0,4.0,0.0,3,2,1.0,5.0,9.0
Aisha,2.453297,0.236307,0.149789,0.158394,0.254944,2.432069,0.292812,0.152904,0.132987,0.233683,0,0.134334,0.008688999999999947,0.003198999999999952,0.118758,0,0.394785,0.311382,0.29458,0.369869,0.101973,0.158478,0.161593,0.136186,0.114925,3.2527310000000003,3.244455,0.2412040000000001,1.370616,0.6505462000000001,2.453297,0.149789,0.673155,0.134631,0.02346451907881344,4,4,4.0,4.0,4.0,5,2,2.0,4.0,3.0
Aisha,0.469083,0.252863,0.221478,1.428254,0.254616,0.469224,0.235187,0.217434,1.43758,0.258284,0,0.137797,0.124088,1.334908,0.151944,0,0.350253,0.314824,1.530926,0.360956,0.115066,0.09739,0.093346,0.102672,0.10634,2.626294,2.617709,1.748737,2.556959,0.5252588,1.428254,0.221478,0.514814,0.1029628,0.007503551649718952,4,4,4.0,6.0,0.0,5,3,4.0,5.0,9.0
Aisha,0.103244,0.405842,0.107528,0.318709,0.39696,0.154112,0.35937,0.114205,0.325396,0.404433,0,0.248634,0.0032079999999999886,0.201296,0.27286,0,0.516578,0.224941,0.442809,0.528533,0.157208,0.110736,0.117413,0.1241,0.131573,1.3322829999999999,1.357516,0.7195819999999999,1.712861,0.2664566,0.405842,0.103244,0.64103,0.128206,0.016068613368925143,7,4,7.0,4.0,4.0,1,2,1.0,2.0,2.0
Aisha,0.315212,0.21658,0.236242,0.70978,0.803196,0.306852,0.226012,0.261041,0.667691,0.818981,0,0.093367,0.103597,0.552336,0.687841,0,0.349225,0.393686,0.825135,0.934336,0.123213,0.132645,0.157444,0.115355,0.13114,2.28101,2.280577,1.437141,2.502382,0.45620200000000005,0.803196,0.21658,0.6597970000000001,0.1319594,0.014162004894788026,4,4,4.0,0.0,4.0,4,3,2.0,9.0,5.0
Aisha,0.212135,0.318889,0.175498,0.190344,0.20915,0.205517,0.310467,0.226493,0.169539,0.228722,0,0.194367,0.059398,0.023249,0.06286,0,0.434989,0.342593,0.336634,0.375012,0.124522,0.1161,0.167095,0.14629,0.165862,1.1060159999999999,1.140738,0.339874,1.489228,0.2212032,0.318889,0.175498,0.7198690000000001,0.1439738,0.020853629040529134,4,4,4.0,4.0,4.0,5,3,5.0,4.0,2.0
Aisha,0.207537,0.687399,0.197731,0.192634,0.219269,0.160623,0.683552,0.202314,0.166251,0.253916,0,0.568451,0.08263,0.07295,0.125968,0,0.8025,0.317415,0.285935,0.347217,0.118948,0.115101,0.119684,0.093301,0.127948,1.50457,1.466656,0.8499990000000001,1.753067,0.300914,0.687399,0.192634,0.5749820000000001,0.11499640000000003,0.011627845898531683,0,4,4.0,4.0,4.0,9,4,2.0,2.0,2.0
Aisha,0.1444,0.551477,0.251408,0.186165,0.255495,0.14377,0.559733,0.252531,0.203976,0.19453,0,0.424159,0.115834,0.049468,0.100987,0,0.687051,0.388105,0.340673,0.349038,0.127318,0.135574,0.136697,0.154508,0.093543,1.388945,1.35454,0.690448,1.764867,0.27778899999999995,0.551477,0.1444,0.6476400000000001,0.12952800000000003,0.020058680923729758,0,4,4.0,4.0,4.0,9,6,3.0,2.0,2.0
Aisha,0.293918,0.188593,0.251814,1.6747109999999998,1.845186,0.332916,0.205507,0.238503,1.678747,1.872512,0,0.056052,0.102359,1.538567,1.705006,0,0.338048,0.387958,1.814891,2.012692,0.132541,0.149455,0.136144,0.14018,0.167506,4.2542219999999995,4.3281849999999995,3.401984,4.553589,0.8508444000000001,1.845186,0.188593,0.7258260000000001,0.14516520000000002,0.012514938456101172,4,4,4.0,0.0,4.0,5,2,2.0,9.0,1.0
Aisha,0.154971,0.177934,0.480387,0.251676,0.165834,0.123949,0.175416,0.470467,0.2601,0.173388,0,0.04145,0.346421,0.12763,0.033364,0,0.3119,0.604433,0.384146,0.305858,0.136484,0.133966,0.124046,0.13247,0.140024,1.230802,1.20332,0.5488649999999999,1.606337,0.2461604,0.480387,0.154971,0.66699,0.133398,0.005330496862394725,4,4,4.0,4.0,4.0,4,1,5.0,4.0,2.0
Aisha,0.15332,0.167902,1.280557,1.025266,1.253733,0.189611,0.085807,1.720107,0.614979,1.236904,0,0.008413000000000004,1.186337,0.491496,1.13025,0,0.262122,1.814327,1.148749,1.360387,0.176315,0.09422,0.53377,0.123483,0.106654,3.880778,3.847408,2.79967,4.585585,0.7761556,1.280557,0.15332,1.0344419999999999,0.20688839999999997,0.16582151685303084,4,4,7.0,0.0,6.0,5,2,6.0,9.0,0.0
Aisha,0.68853,4.282696,0.442829,0.40334,0.390724,0.033845,3.6148249999999997,0.44463,0.392738,0.391706,0,3.453667,0.281671,0.240381,0.238367,0,4.443854,0.605788,0.555697,0.544063,0.829029,0.161158,0.162959,0.152357,0.153339,4.831059,4.877744,4.214086,6.149402,0.9662117999999997,4.282696,-0.68853,1.4588420000000002,0.29176840000000004,0.2686626612178179,7,7,4.0,7.0,7.0,6,1,1.0,1.0,1.0
Aisha,0.286705,0.158332,0.925411,0.196315,0.362742,0.287284,0.149614,0.878351,0.268838,0.345625,0,0.004414,0.780211,0.098175,0.192079,0,0.303532,1.023551,0.366978,0.516288,0.153918,0.1452,0.09814,0.170663,0.153546,1.929505,1.929712,1.074879,2.210349,0.38590100000000005,0.925411,0.158332,0.721467,0.1442934,0.024513496654700245,4,7,6.0,7.0,4.0,5,1,6.0,1.0,2.0
Aisha,0.18127,1.083429,0.282422,0.310225,0.271773,0.164003,1.06597,0.266105,0.335737,0.295627,0,0.94715,0.163602,0.207722,0.143758,0,1.2022490000000001,0.384925,0.43824,0.423642,0.136279,0.11882,0.102503,0.128015,0.151869,2.1291189999999998,2.1274420000000003,1.462232,2.449056,0.4258238,1.083429,0.18127,0.637486,0.1274972,0.01656125959460814,7,4,4.0,4.0,4.0,1,3,5.0,3.0,2.0
Aisha,0.152942,0.435152,0.520167,11.813096,0.197108,0.140412,0.531274,0.406449,11.797681,0.248323,0,0.295813,0.284706,11.691353,0.09078,0,0.670613,0.64191,11.919424,0.354651,0.139339,0.235461,0.121743,0.106328,0.157543,13.118465,13.124139000000001,12.362651999999999,13.586597999999999,2.6236930000000003,11.813096,0.152942,0.760414,0.15208280000000002,0.045073601242412394,4,7,0.0,7.0,4.0,4,6,7.0,1.0,1.0
Aisha,0.154219,0.115029,0.295772,0.132448,0.200773,0.15824,0.094543,0.280778,0.126845,0.213041,0,0.04653499999999999,0.154694,0.006364,0.080292,0,0.256107,0.421856,0.252929,0.333522,0.161564,0.141078,0.126084,0.120481,0.132749,0.898241,0.8734470000000001,0.19481500000000002,1.264414,0.17964819999999998,0.295772,0.115029,0.681956,0.1363912,0.01434067230502113,7,0,4.0,4.0,4.0,1,9,3.0,1.0,2.0
Aisha,0.116762,0.234625,0.521011,0.301888,0.25465,0.12015,0.221977,0.51206,0.306454,0.254253,0,0.098488,0.397522,0.18735,0.135546,0,0.358114,0.635549,0.420992,0.373357,0.136137,0.123489,0.114538,0.119104,0.118707,1.428936,1.4148939999999999,0.818906,1.788012,0.2857872,0.521011,0.116762,0.611975,0.122395,0.007432413793647394,4,0,4.0,4.0,4.0,3,9,3.0,4.0,3.0
Aisha,0.175975,0.193024,0.672512,0.166326,0.186262,0.172169,0.205252,0.635249,0.189172,0.179638,0,0.078123,0.545383,0.07646,0.07355,0,0.320153,0.762378,0.279038,0.29235,0.114901,0.127129,0.089866,0.112712,0.106088,1.394099,1.3814799999999998,0.773516,1.6539190000000001,0.27881979999999995,0.672512,0.166326,0.550696,0.11013919999999999,0.01220952253611909,4,4,8.0,8.0,8.0,3,2,7.0,7.0,7.0
Aisha,0.76183,0.173683,0.174837,0.163716,0.280533,0.762089,0.211359,0.162536,0.159469,0.306007,0,0.067336,0.030814,0.031994,0.153058,0,0.317706,0.306559,0.291191,0.433482,0.106347,0.144023,0.131722,0.127475,0.152949,1.554599,1.6014599999999999,0.283202,1.348938,0.31091979999999997,0.76183,0.163716,0.662516,0.1325032,0.015879397953323045,4,4,4.0,4.0,0.0,4,4,2.0,3.0,9.0
Aisha,0.763123,0.402945,0.24052,0.186606,0.201702,0.784802,0.313565,0.27848,0.204742,0.188034,0,0.228317,0.155272,0.063398,0.060358,0,0.488193,0.363728,0.32795,0.329378,0.174628,0.085248,0.123208,0.141344,0.127676,1.794896,1.769623,0.5073449999999999,1.509249,0.35897920000000005,0.763123,0.186606,0.652104,0.1304208,0.028891981935478223,4,4,4.0,4.0,4.0,2,6,3.0,5.0,4.0
Aisha,0.245094,0.152303,0.651465,0.917735,0.432738,0.225267,0.220968,0.735262,0.694993,0.513131,0,0.044454,0.474951,0.657424,0.395169,0,0.328817,0.911776,0.955304,0.5507,0.107849,0.176514,0.260311,0.037569,0.117962,2.3993349999999998,2.389621,1.571998,2.746597,0.47986699999999993,0.917735,0.152303,0.7002050000000001,0.14004100000000003,0.07459151495713169,4,4,7.0,8.0,6.0,3,2,6.0,7.0,6.0
Aisha,0.683645,0.992348,0.116119,0.270785,0.223645,0.684664,0.984849,0.12818,0.232558,0.265932,0,0.873367,0.004637,0.147242,0.138329,0,1.10383,0.239662,0.356101,0.351248,0.118981,0.111482,0.123543,0.085316,0.127603,2.286542,2.296183,1.163575,2.050841,0.45730839999999995,0.992348,0.116119,0.566925,0.113385,0.015020931222797074,0,4,4.0,0.0,4.0,9,1,4.0,9.0,1.0
Aisha,0.142272,0.215702,0.286712,1.161059,0.125423,0.082334,0.258487,0.311295,1.172477,0.122896,0,0.148037,0.176262,1.026026,0.021028000000000047,0,0.326152,0.421745,1.30751,0.269347,0.067665,0.11045,0.135033,0.146451,0.143924,1.931168,1.947489,1.329297,2.324754,0.38623360000000007,1.161059,0.125423,0.603523,0.12070460000000001,0.029413183048422352,4,4,4.0,4.0,4.0,4,1,5.0,4.0,2.0
Aisha,0.34394,0.275497,0.619056,0.182669,0.161895,0.333161,0.314876,0.612692,0.195278,0.144623,0,0.142352,0.446532,0.016509,0.016873999999999945,0,0.448021,0.785216,0.361438,0.323392,0.133145,0.172524,0.16616,0.178769,0.161497,1.5830570000000002,1.60063,0.588519,1.918067,0.31661140000000004,0.619056,0.161895,0.812095,0.162419,0.015755924384180064,4,0,4.0,4.0,4.0,3,9,2.0,2.0,2.0
Aisha,0.331295,1.730413,0.643433,0.15422,0.174855,0.280438,1.790609,0.565937,0.184889,0.18742,0,1.619773,0.472597,0.06088,0.050846,0,1.901249,0.736773,0.278229,0.311429,0.11064,0.170836,0.09334,0.124009,0.136574,3.034216,3.009293,2.204096,3.22768,0.6068431999999999,1.730413,0.15422,0.635399,0.12707980000000002,0.026164157975367745,4,4,4.0,4.0,4.0,5,6,4.0,2.0,3.0
Aisha,0.310821,164.181836,164.438228,2.8998939999999997,0.302833,0.311458,1.063227,0.016985,2.096817,0.304098,0,164.319047,0.944046,1.938863,0.144879,0,1.2004380000000001,165.399259,3.057848,0.462052,0.137211,165.382274,0.961031,0.157954,0.159219,3.769940000000005,3.792585,-163.17935100000003,170.119597,0.7539880000000019,164.438228,-164.181836,166.797689,33.3595378,66.01211320638127,4,6,7.0,0.0,7.0,2,0,6.0,9.0,1.0
Aisha,0.200893,0.09893,0.307621,0.447239,0.29912,0.178358,0.093644,0.230338,0.536139,0.270591,0,0.037753999999999954,0.176223,0.393124,0.156105,0,0.230328,0.361736,0.590254,0.413606,0.136684,0.131398,0.054115,0.143015,0.114486,1.3538029999999999,1.30907,0.687698,1.595924,0.2707606,0.447239,0.09893,0.579698,0.1159396,0.032331915084634254,4,7,4.0,4.0,4.0,4,1,4.0,4.0,3.0
Aisha,0.170199,0.175263,0.446907,0.702714,1.089257,0.178971,0.178845,0.382117,1.4264000000000001,0.422676,0,0.052005,0.320067,0.640664,0.303521,0,0.302103,0.508957,1.48845,1.208412,0.123258,0.12684,0.06205,0.785736,0.119155,2.58434,2.589009,1.316257,3.507922,0.516868,1.089257,0.170199,1.217039,0.2434078,0.2722033478415723,4,4,4.0,7.0,0.0,2,3,2.0,6.0,9.0
Aisha,1.238852,0.336923,0.981332,0.346079,1.095541,1.277412,0.320008,0.955462,0.342484,1.102865,0,0.179208,0.840532,0.231149,0.984206,0,0.477723,1.096262,0.457414,1.2142,0.157715,0.1408,0.11493,0.111335,0.118659,3.998727,3.998231,2.235095,3.245599,0.7997454000000002,1.238852,0.336923,0.6434389999999999,0.12868779999999996,0.01777783612704313,5,6,5.0,5.0,6.0,2,5,1.0,3.0,5.0
Aisha,0.2515,0.315904,0.35513,1.404522,0.263436,0.230623,0.324385,0.40252,1.357903,0.270978,0,0.218122,0.248867,1.250869,0.156402,0,0.422167,0.508783,1.5115560000000001,0.378012,0.097782,0.106263,0.153653,0.107034,0.114576,2.5904920000000002,2.586409,1.87426,2.8205180000000003,0.5180984,1.404522,0.2515,0.5793079999999999,0.11586159999999998,0.0196304572600844,0,5,5.0,6.0,0.0,9,3,2.0,5.0,9.0
Aisha,0.232357,0.554119,0.466986,0.167168,0.77331,0.296973,0.512055,0.412421,0.203786,0.794548,0,0.374927,0.329858,0.084605,0.654129,0,0.691247,0.549549,0.286349,0.913729,0.179192,0.137128,0.082563,0.119181,0.140419,2.19394,2.219783,1.443519,2.440874,0.438788,0.77331,0.167168,0.6584829999999999,0.1316966,0.031407464976339616,4,4,4.0,0.0,5.0,1,4,2.0,9.0,1.0
Aisha,0.184696,0.188346,3.406557,1.049948,0.260807,0.180754,0.162484,3.478862,0.977734,0.271046,0,0.051869,3.295942,0.867028,0.150101,0,0.298961,3.589477,1.160654,0.381752,0.136477,0.110615,0.18292,0.110706,0.120945,5.090354,5.07088,4.36494,5.4308440000000004,1.0180707999999998,3.406557,0.184696,0.6616629999999999,0.13233259999999997,0.0270011203515706,5,5,0.0,4.0,4.0,6,1,9.0,2.0,4.0
Aisha,0.134376,0.222334,0.198476,0.19147,1.215416,0.150776,0.212065,0.17889,0.232517,1.2045379999999999,0,0.084989,0.0714,0.08398,1.066879,0,0.34941,0.305966,0.340007,1.353075,0.137345,0.127076,0.10749,0.148537,0.137659,1.962072,1.978786,1.307248,2.348458,0.3924144,1.215416,0.134376,0.658107,0.1316214,0.013844384140870983,4,4,4.0,4.0,0.0,2,4,3.0,2.0,9.0
Aisha,0.567572,0.366885,0.177796,0.220026,1.714509,0.515282,0.422416,0.131551,0.270029,1.6423480000000001,0,0.281516,0.036896,0.125371,1.5698509999999999,0,0.507785,0.272451,0.364684,1.7870059999999999,0.085369,0.1409,0.094655,0.144658,0.072497,3.0467880000000003,2.9816260000000003,2.0136339999999997,2.931926,0.6093576,1.714509,0.177796,0.538079,0.1076158,0.02958443885153139,4,4,4.0,4.0,4.0,3,1,4.0,2.0,5.0
Aisha,0.997018,0.25729,0.133548,0.250889,0.271376,1.035708,0.275229,0.124111,0.301904,0.185887,0,0.146103,0.004422,0.1312,0.100672,0,0.386416,0.253237,0.421593,0.356591,0.111187,0.129126,0.119689,0.170704,0.085215,1.910121,1.9228390000000002,0.38239700000000004,1.417837,0.3820242,0.997018,0.133548,0.615921,0.12318420000000001,0.02789711726612626,4,4,4.0,4.0,4.0,4,4,2.0,2.0,2.0
Aisha,0.963197,0.546511,0.0,0.0,0.0,0.941949,0.610366,0.0,0.0,0.0,0,0.482544,0.0,0.0,0.0,0,0.674333,0.0,0.0,0.0,0.063967,0.127822,0.0,0.0,0.0,1.5097079999999998,1.5523150000000001,0.482544,0.674333,0.7548539999999999,0.963197,0.546511,0.191789,0.0958945,0.0319275,6,0,0.0,0.0,0.0,5,7,0.0,0.0,0.0
Misbah,3204.047897,0.16558,0.139071,0.158657,0.235021,3204.041545,0.155964,0.093951,0.187631,0.220681,0,0.031406,0.014513,0.079219,0.126609,0,0.290138,0.218509,0.267069,0.329093,0.134174,0.124558,0.079438,0.108412,0.094072,-3203.349568,-3203.383318,0.251747,1.104809,-640.6699136,0.235021,-3204.047897,0.540654,0.1081308,0.01984493320119773,7,4,7.0,4.0,4.0,1,3,1.0,4.0,2.0
Misbah,0.189046,0.480769,0.292266,0.096169,0.437817,0.170949,0.48984,0.395941,0.0557,0.384981,0,0.404794,0.20722,0.09255199999999997,0.289565,0,0.565815,0.480987,0.244421,0.533233,0.075975,0.085046,0.188721,0.148252,0.095416,1.496067,1.497411,0.809027,1.8244559999999999,0.2992134,0.480769,0.096169,0.59341,0.118682,0.04307301132263683,0,4,4.0,4.0,4.0,9,1,4.0,5.0,2.0
Misbah,0.14309,0.309892,0.536931,0.184973,0.15027,0.181136,0.284467,0.517472,0.168248,0.186812,0,0.17643,0.428894,0.096395,0.078417,0,0.417929,0.625509,0.256826,0.258665,0.133462,0.108037,0.088578,0.071853,0.108395,1.325156,1.338135,0.7801359999999999,1.558929,0.2650312,0.536931,0.14309,0.510325,0.102065,0.020766171558570922,4,0,4.0,4.0,4.0,5,9,3.0,3.0,5.0
Misbah,0.150021,0.116726,0.229698,0.587924,0.090025,0.127571,0.133827,0.232499,0.565257,0.085591,0,0.030781,0.126652,0.482077,0.006845,0,0.219772,0.335545,0.671104,0.168771,0.085945,0.103046,0.105847,0.08318,0.078746,1.174394,1.144745,0.646355,1.395192,0.2348788,0.587924,0.090025,0.45676399999999995,0.09135279999999998,0.010970716720433538,4,4,0.0,4.0,4.0,2,4,9.0,3.0,5.0
Misbah,0.173821,0.486356,0.570026,0.55227,0.672919,0.192767,0.474738,0.582749,0.556231,0.661436,0,0.388664,0.483952,0.453473,0.570161,0,0.57243,0.668823,0.655028,0.764194,0.097692,0.086074,0.098797,0.102758,0.091275,2.4553920000000002,2.467921,1.89625,2.660475,0.49107839999999997,0.672919,0.173821,0.476596,0.0953192,0.00591422513605967,4,8,4.0,0.0,4.0,3,7,2.0,9.0,4.0
Misbah,0.23309,0.269332,0.15115,0.245968,0.307028,0.243119,0.356201,0.096801,0.200887,0.289809,0,0.168028,0.03702300000000003,0.112144,0.218285,0,0.457505,0.284974,0.334711,0.378552,0.101304,0.188173,0.133824,0.088743,0.071524,1.206568,1.186817,0.461434,1.4557419999999999,0.24131360000000002,0.307028,0.15115,0.583568,0.1167136,0.041136654752665536,4,4,4.0,4.0,0.0,4,4,6.0,2.0,9.0
Misbah,0.336619,0.340138,0.128038,0.196291,0.178689,0.340256,0.351723,0.12355,0.167986,0.227279,0,0.264977,0.041292,0.114033,0.124736,0,0.426884,0.210296,0.250244,0.281232,0.075161,0.086746,0.082258,0.053953,0.102543,1.179775,1.210794,0.545038,1.168656,0.23595499999999997,0.340138,0.128038,0.400661,0.0801322,0.0158780897767962,4,4,4.0,4.0,0.0,5,3,2.0,3.0,9.0
Misbah,0.379686,0.122066,0.165215,0.178998,0.138389,0.373104,0.120495,0.172923,0.19316,0.147228,0,0.026105,0.070825,0.0769,0.022129,0,0.216456,0.267313,0.295258,0.263488,0.095961,0.09439,0.102098,0.11626,0.125099,0.9843540000000001,1.00691,0.195959,1.042515,0.19687079999999998,0.379686,0.122066,0.533808,0.10676159999999998,0.011982808128314494,4,4,4.0,0.0,4.0,3,4,2.0,9.0,5.0
Misbah,0.181955,0.238864,0.227007,0.497742,0.664611,0.143245,0.270656,0.211244,0.485007,0.665885,0,0.152475,0.108826,0.395324,0.574928,0,0.357045,0.329425,0.587425,0.755568,0.086389,0.118181,0.102418,0.089683,0.090957,1.810179,1.776037,1.231553,2.029463,0.36203579999999996,0.664611,0.181955,0.487628,0.0975256,0.011655538316182568,4,4,4.0,0.0,4.0,1,1,4.0,9.0,2.0
Misbah,0.138691,0.246661,0.936841,0.346272,0.154614,0.165763,0.232555,0.901222,0.359314,0.163808,0,0.128632,0.832918,0.277968,0.073268,0,0.350584,1.005145,0.427618,0.245154,0.118029,0.103923,0.068304,0.081346,0.09054,1.8230790000000001,1.822662,1.312786,2.028501,0.3646158,0.936841,0.138691,0.462142,0.0924284,0.017296756165246705,4,4,6.0,0.0,7.0,5,3,5.0,9.0,1.0
Misbah,0.243855,0.198501,0.124399,0.149445,0.198807,0.21195,0.235943,0.129248,0.157706,0.176215,0,0.139866,0.028322,0.048519,0.08962,0,0.294578,0.225325,0.258632,0.285402,0.058635,0.096077,0.100926,0.109187,0.086595,0.915007,0.911062,0.306327,1.063937,0.18300139999999998,0.243855,0.124399,0.45141999999999993,0.09028399999999999,0.017432167644902918,4,7,4.0,4.0,4.0,2,1,3.0,2.0,3.0
Misbah,0.119156,0.527929,0.452373,0.395546,0.355002,0.147242,0.495008,0.480631,0.344074,0.398684,0,0.413248,0.370613,0.285528,0.296456,0,0.609689,0.562391,0.454092,0.45723,0.114681,0.08176,0.110018,0.058546,0.102228,1.850006,1.865639,1.365845,2.083402,0.37000120000000003,0.527929,0.119156,0.467233,0.0934466,0.02077138669997745,4,0,5.0,5.0,0.0,4,9,2.0,4.0,9.0
Misbah,0.296254,0.141711,0.167325,0.129284,0.380159,0.33207,0.167789,0.176647,0.089835,0.346657,0,0.003667,0.003203,0.04415999999999998,0.246164,0,0.305833,0.340769,0.263279,0.480652,0.138044,0.164122,0.173444,0.133995,0.100493,1.114733,1.112998,0.208874,1.390533,0.22294660000000005,0.380159,0.129284,0.7100979999999999,0.14201959999999997,0.025615101441142093,4,4,4.0,4.0,4.0,4,5,4.0,4.0,3.0
Misbah,0.13586,0.231919,0.315107,0.529615,0.319613,0.13631,0.246803,0.274963,0.538682,0.319871,0,0.130976,0.19928,0.453932,0.234863,0,0.347746,0.39079,0.614365,0.404621,0.100943,0.115827,0.075683,0.08475,0.085008,1.532114,1.516629,1.019051,1.757522,0.3064228,0.529615,0.13586,0.46221100000000004,0.0924422,0.014243739163576396,4,4,0.0,8.0,6.0,2,2,9.0,7.0,5.0
Misbah,0.869047,0.199304,0.167857,0.165413,0.105271,0.860671,0.217306,0.165569,0.124956,0.147012,0,0.122672,0.073223,0.073067,0.053382,0,0.293938,0.260203,0.217302,0.198901,0.076632,0.094634,0.092346,0.051889,0.09363,1.5068920000000001,1.515514,0.32234399999999996,0.970344,0.30137840000000005,0.869047,0.105271,0.409131,0.0818262,0.016353906473989634,0,4,4.0,4.0,4.0,9,2,5.0,4.0,2.0
Misbah,0.274611,0.127372,0.046553,0.226528,0.194816,0.283138,0.124313,0.062585,0.233643,0.155213,0,0.025215,0.05254499999999995,0.111398,0.072571,0,0.22647,0.161683,0.348773,0.277458,0.102157,0.099098,0.11513,0.122245,0.082642,0.86988,0.858892,0.15663900000000003,1.014384,0.173976,0.274611,0.046553,0.521272,0.1042544,0.013711482379378245,4,4,4.0,4.0,4.0,3,4,5.0,4.0,3.0
Misbah,0.38595,0.253594,0.184805,0.186704,0.134068,0.411449,0.242842,0.162508,0.181075,0.163503,0,0.145453,0.087416,0.111612,0.064605,0,0.350983,0.259897,0.256167,0.232966,0.108141,0.097389,0.075092,0.069463,0.098898,1.145121,1.161377,0.409086,1.100013,0.2290242,0.38595,0.134068,0.44898299999999997,0.08979659999999999,0.014877349099890073,0,4,4.0,4.0,0.0,9,4,2.0,2.0,9.0
Misbah,0.162967,0.281804,0.154834,0.115956,0.54614,0.158879,0.271639,0.163098,0.156385,0.533622,0,0.186994,0.070189,0.023047,0.412802,0,0.366449,0.247743,0.249294,0.66696,0.09481,0.084645,0.092909,0.133338,0.12082,1.261701,1.283623,0.693032,1.530446,0.2523402,0.54614,0.115956,0.526522,0.1053044,0.018532165298205176,4,4,4.0,4.0,4.0,1,6,6.0,2.0,1.0
Misbah,0.827951,0.324206,0.382021,0.743117,2.569846,0.799025,0.333072,0.591286,0.51158,2.614785,0,0.232312,0.281261,0.433092,2.491358,0,0.424966,0.692046,0.821605,2.693273,0.091894,0.10076,0.310025,0.078488,0.123427,4.847141,4.849748,3.438023,4.63189,0.9694282,2.569846,0.324206,0.7045939999999999,0.14091879999999998,0.085809830400485,4,4,7.0,0.0,7.0,3,2,6.0,7.0,1.0
Misbah,0.399207,0.168495,1.674416,0.786371,0.280495,0.363956,0.160719,1.6743869999999998,0.81281,0.284098,0,0.080319,1.5940159999999999,0.706,0.173685,0,0.248895,1.7547869999999999,0.893181,0.390908,0.088176,0.0804,0.080371,0.10681,0.110413,3.3089839999999997,3.29597,2.55402,3.2877709999999998,0.6617968,1.674416,0.168495,0.46617,0.093234,0.012924221492995235,4,7,4.0,4.0,4.0,3,1,4.0,6.0,5.0
Misbah,0.302979,0.250693,0.574632,0.268674,0.207614,0.301187,0.248772,0.591744,0.242147,0.200193,0,0.142072,0.467932,0.144862,0.110329,0,0.357393,0.698444,0.365959,0.297478,0.108621,0.1067,0.123812,0.097285,0.089864,1.604592,1.584043,0.865195,1.719274,0.3209184,0.574632,0.207614,0.526282,0.1052564,0.011473308164605362,4,4,0.0,4.0,4.0,4,3,9.0,5.0,2.0
Misbah,0.296244,0.344897,0.177931,0.21176,0.176392,0.303791,0.346259,0.183788,0.186014,0.197336,0,0.247486,0.079158,0.10713,0.097508,0,0.44367,0.282561,0.290644,0.27622,0.097411,0.098773,0.10463,0.078884,0.099828,1.207224,1.217188,0.531282,1.293095,0.24144480000000001,0.344897,0.176392,0.479526,0.0959052,0.008851253637762282,4,4,4.0,4.0,4.0,4,2,3.0,3.0,5.0
Misbah,0.57984,0.212487,0.97929,0.317533,0.206159,0.610126,0.157051,0.9987,0.333431,0.18721,0,0.082373,0.904612,0.223445,0.096173,0,0.287165,1.073378,0.427519,0.297196,0.130114,0.074678,0.094088,0.109986,0.091037,2.295309,2.286518,1.306603,2.085258,0.4590618,0.97929,0.206159,0.4999030000000001,0.09998060000000002,0.018777977032683794,4,4,0.0,4.0,4.0,5,2,9.0,6.0,1.0
Misbah,0.278178,0.141098,0.117193,0.185969,1.055612,0.274723,0.154907,0.094555,0.188643,1.068661,0,0.053516,0.015802,0.107216,0.974185,0,0.242489,0.195946,0.267396,1.150088,0.087582,0.101391,0.078753,0.081427,0.094476,1.77805,1.781489,1.150719,1.855919,0.35561,1.055612,0.117193,0.44362900000000005,0.08872580000000001,0.008336781043064522,4,4,4.0,4.0,4.0,3,3,2.0,3.0,4.0
Misbah,0.186772,0.285113,0.155251,0.241928,0.137759,0.184717,0.280316,0.180853,0.250368,0.095309,0,0.192692,0.067627,0.128702,0.016093,0,0.372737,0.268477,0.363594,0.216975,0.092421,0.087624,0.113226,0.121666,0.079216,1.006823,0.991563,0.40511400000000003,1.221783,0.2013646,0.285113,0.137759,0.494153,0.0988306,0.016000540135882913,4,0,4.0,4.0,4.0,2,9,2.0,1.0,4.0
Misbah,0.182457,0.183437,0.199798,0.094747,0.138711,0.210096,0.173739,0.185337,0.102419,0.13331,0,0.076582,0.102641,0.012051,0.048343,0,0.280594,0.282494,0.185115,0.223678,0.106855,0.097157,0.082696,0.090368,0.084967,0.79915,0.804901,0.239617,0.971881,0.15983,0.199798,0.094747,0.46204300000000004,0.09240860000000001,0.008776352695738702,0,4,4.0,4.0,4.0,9,3,2.0,3.0,2.0
Misbah,0.199567,0.217668,0.23272,0.236043,0.115775,0.234362,0.185197,0.249254,0.232137,0.088982,0,0.097906,0.145429,0.132218,0.015856,0,0.304959,0.336545,0.335962,0.188901,0.119762,0.087291,0.103825,0.099919,0.073126,1.001773,0.989932,0.391409,1.166367,0.2003546,0.236043,0.115775,0.483923,0.0967846,0.01573029180403212,4,4,0.0,4.0,4.0,1,5,9.0,5.0,2.0
Misbah,0.149603,0.117766,0.148485,0.119995,0.134843,0.194243,0.078885,0.166261,0.116917,0.114175,0,0.0,0.0696,0.023334,0.04126,0,0.196651,0.245146,0.213578,0.207758,0.117766,0.078885,0.096661,0.093583,0.072915,0.6706920000000001,0.670481,0.13419399999999998,0.8631329999999999,0.13413840000000002,0.149603,0.117766,0.45981,0.091962,0.015648327680618142,4,4,4.0,4.0,4.0,2,4,3.0,5.0,3.0
Misbah,1.455204,1.5677919999999999,1.664405,0.123821,0.259865,1.52426,1.511092,1.637213,0.179162,0.237866,0,1.425821,1.579134,0.065742,0.146445,0,1.653063,1.7224840000000001,0.237241,0.351286,0.141971,0.085271,0.058079,0.11342,0.091421,5.0710869999999995,5.089593,3.217142,3.964074,1.0142174000000002,1.664405,0.123821,0.490162,0.09803239999999999,0.028178775399935324,4,6,0.0,7.0,4.0,4,5,9.0,1.0,2.0
Misbah,0.188759,0.24422,0.321368,0.151192,0.219836,0.195025,0.245525,0.341714,0.134578,0.214646,0,0.146533,0.222376,0.031854,0.117112,0,0.343212,0.440706,0.253916,0.31737,0.097687,0.098992,0.119338,0.102724,0.097534,1.125375,1.131488,0.517875,1.355204,0.225075,0.321368,0.151192,0.5162749999999999,0.10325499999999999,0.008256518443024276,7,4,4.0,4.0,4.0,1,2,2.0,4.0,3.0
Misbah,0.197163,0.249614,0.266155,0.18701,0.211879,0.213401,0.216045,0.27901,0.179921,0.1955,0,0.135842,0.185952,0.093952,0.12591,0,0.329817,0.359213,0.272979,0.281469,0.113772,0.080203,0.093058,0.085969,0.06959,1.111821,1.083877,0.541656,1.243478,0.22236419999999998,0.266155,0.18701,0.442592,0.0885184,0.014780270127436778,4,0,4.0,4.0,4.0,2,9,5.0,5.0,3.0
Misbah,0.120275,0.182344,0.19949,0.263891,0.199157,0.147781,0.185632,0.195455,0.26159,0.17816,0,0.085248,0.099106,0.167542,0.105109,0,0.282728,0.295839,0.357939,0.272208,0.097096,0.100384,0.096349,0.094048,0.073051,0.965157,0.968618,0.457005,1.208714,0.19303140000000002,0.263891,0.120275,0.460928,0.0921856,0.009780195715833093,4,4,4.0,0.0,4.0,5,4,2.0,9.0,4.0
Misbah,0.155617,0.182193,0.250313,0.255838,0.610582,0.165363,0.163984,0.278705,0.223932,0.652035,0,0.099396,0.185725,0.162858,0.549508,0,0.246781,0.343293,0.316912,0.713109,0.082797,0.064588,0.09298,0.061074,0.102527,1.454543,1.484019,0.997487,1.620095,0.29090859999999996,0.610582,0.155617,0.403966,0.0807932,0.015977150727210402,4,4,4.0,0.0,4.0,2,2,2.0,9.0,6.0
Misbah,0.201948,0.195032,0.248851,0.153954,0.199887,0.179511,0.193684,0.252682,0.151188,0.195643,0,0.114942,0.170109,0.071381,0.12008,0,0.273774,0.331424,0.233761,0.27545,0.08009,0.078742,0.082573,0.079807,0.075563,0.999672,0.972708,0.47651200000000005,1.114409,0.1999344,0.248851,0.153954,0.396775,0.079355,0.0022739870712033482,4,4,4.0,4.0,4.0,3,2,2.0,5.0,2.0
Misbah,0.204242,0.292899,0.250072,0.157145,0.128207,0.219998,0.287054,0.28803,0.114709,0.142099,0,0.20158,0.164598,0.033713,0.047211,0,0.378373,0.373504,0.238141,0.223095,0.091319,0.085474,0.123432,0.080996,0.094888,1.032565,1.05189,0.447102,1.2131129999999999,0.20651300000000003,0.292899,0.128207,0.476109,0.0952218,0.014889940529095475,4,0,4.0,4.0,4.0,2,9,1.0,4.0,1.0
Misbah,0.45603,0.459989,0.178114,0.136919,0.101673,0.457476,0.458368,0.166999,0.139233,0.103333,0,0.363655,0.083401,0.053321,0.015761,0,0.554702,0.261712,0.222831,0.189245,0.096334,0.094713,0.083598,0.085912,0.087572,1.332725,1.325409,0.516138,1.22849,0.2665449999999999,0.459989,0.101673,0.448129,0.0896258,0.005004484564867795,4,4,4.0,4.0,4.0,5,4,2.0,5.0,2.0
Misbah,1.826562,0.254039,0.907403,2.359876,1.805688,1.891249,0.015713,0.560457,2.394145,0.142153,0,0.40629800000000005,0.485392,2.284811,1.915022,0,0.167972,0.982468,2.46921,0.251487,0.152259,0.422011,0.075065,0.109334,2.057175,3.0341139999999998,5.003717,0.44888299999999987,3.871137,0.6068228,2.359876,-1.805688,2.8158440000000002,0.5631688,0.7569726889579041,6,7,0.0,6.0,7.0,0,6,9.0,0.0,6.0
Misbah,2.386184,0.29941,0.194487,0.8995,0.463629,0.434195,0.291205,0.216044,0.9001,0.440423,0,0.194224,0.097506,0.780962,0.344491,0,0.396391,0.313025,1.018638,0.559561,0.105186,0.096981,0.118538,0.119138,0.095932,4.24321,2.281967,1.417183,2.2876149999999997,0.8486420000000001,2.386184,0.194487,0.535775,0.107155,0.010064869040380007,7,4,4.0,6.0,4.0,1,1,5.0,6.0,2.0
Misbah,0.236415,0.25061,0.097798,0.250416,0.120545,0.224418,0.24467,0.107659,0.264684,0.114745,0,0.166675,0.019803,0.16256,0.018421,0,0.328605,0.185654,0.35254,0.216869,0.083935,0.077995,0.087856,0.102124,0.096324,0.955784,0.956176,0.367459,1.083668,0.19115680000000002,0.25061,0.097798,0.448234,0.0896468,0.008623938622230569,7,4,4.0,4.0,4.0,1,3,5.0,3.0,2.0
Misbah,0.328322,38.4468,39.174326,0.471455,2.5004939999999998,0.352955,0.828554,0.05414,0.29281,2.467823,0,38.567757,0.221985,0.19533,2.4030139999999998,0,0.949511,39.450451,0.568935,2.565303,0.120957,39.396311,0.276125,0.09748,0.064809,4.027796999999997,3.9962820000000003,-36.191398,43.5342,0.8055593999999994,39.174326,-38.4468,39.95568199999999,7.991136399999998,15.702755132524045,4,6,7.0,0.0,7.0,4,0,6.0,7.0,1.0
Misbah,0.292044,0.209231,0.309729,0.397994,0.126309,0.316228,0.234092,0.305863,0.366302,0.140317,0,0.120238,0.195875,0.288006,0.048013,0,0.323085,0.419717,0.47629,0.218613,0.088993,0.113854,0.109988,0.078296,0.092304,1.335307,1.362802,0.6521319999999999,1.437705,0.2670614,0.397994,0.126309,0.483435,0.096687,0.013328613551303825,4,7,0.0,4.0,4.0,1,1,9.0,3.0,1.0
Misbah,0.124847,0.132979,0.245613,0.310118,0.120419,0.144525,0.123651,0.241578,0.267069,0.140683,0,0.020997,0.142959,0.211499,0.064849,0,0.235633,0.344232,0.365688,0.196253,0.111982,0.102654,0.098619,0.05557,0.075834,0.933976,0.9175059999999999,0.440304,1.141806,0.1867952,0.310118,0.120419,0.444659,0.0889318,0.02048421050858441,4,4,0.0,4.0,4.0,2,3,9.0,3.0,4.0
Misbah,0.208523,0.112347,0.113844,0.188854,0.147559,0.194672,0.143703,0.100147,0.145238,0.191122,0,0.050364,0.020505,0.109212,0.111533,0,0.205686,0.193486,0.22488,0.227148,0.061983,0.093339,0.079642,0.036026,0.079589,0.771127,0.774882,0.291614,0.8512,0.1542254,0.208523,0.112347,0.350579,0.07011579999999999,0.019738611515504326,4,4,4.0,4.0,0.0,4,4,2.0,3.0,9.0
Misbah,0.225193,0.201907,0.233907,0.151444,0.166584,0.221109,0.22706,0.204217,0.182598,0.155962,0,0.126402,0.133249,0.080476,0.064462,0,0.302565,0.304875,0.253566,0.258084,0.075505,0.100658,0.070968,0.102122,0.0915,0.979035,0.990946,0.404589,1.11909,0.195807,0.233907,0.151444,0.44075300000000006,0.08815060000000001,0.012790672345111494,4,4,4.0,4.0,4.0,2,6,3.0,5.0,4.0
Misbah,0.135782,0.374833,0.387461,0.301466,0.133316,0.146886,0.378084,0.358758,0.303967,0.157076,0,0.272229,0.281606,0.224314,0.053663,0,0.480688,0.464613,0.381119,0.236729,0.102604,0.105855,0.077152,0.079653,0.103413,1.332858,1.344771,0.831812,1.563149,0.2665716,0.387461,0.133316,0.468677,0.0937354,0.01258980426535695,4,4,6.0,0.0,4.0,3,2,6.0,9.0,1.0
Misbah,0.516772,0.282613,0.199398,0.151818,0.243528,0.503074,0.282502,0.183536,0.150542,0.234979,0,0.192898,0.109794,0.078076,0.171062,0,0.372217,0.27314,0.224284,0.307445,0.089715,0.089604,0.073742,0.072466,0.063917,1.394129,1.354633,0.55183,1.177086,0.2788258,0.516772,0.151818,0.389444,0.07788880000000001,0.010187431695967341,4,0,4.0,4.0,4.0,4,9,1.0,4.0,1.0
Misbah,0.554182,0.327641,0.19233,0.200332,0.721831,0.57133,0.339218,0.185583,0.212203,0.7179,0,0.246576,0.099688,0.114437,0.624065,0,0.420283,0.278225,0.298098,0.815666,0.081065,0.092642,0.085895,0.097766,0.093835,1.996316,2.026234,1.084766,1.812272,0.39926319999999993,0.721831,0.19233,0.451203,0.0902406,0.005973172577449945,4,4,4.0,4.0,0.0,5,4,2.0,3.0,9.0
Misbah,0.320781,0.186466,0.329675,0.188654,0.132542,0.322411,0.167589,0.361674,0.22874,0.104021,0,0.091001,0.253087,0.080067,0.016131000000000006,0,0.263054,0.438262,0.337327,0.252694,0.095465,0.076588,0.108587,0.148673,0.120152,1.158118,1.184435,0.408024,1.291337,0.23162359999999999,0.329675,0.132542,0.549465,0.10989299999999999,0.024200129445934786,4,4,4.0,4.0,4.0,2,2,2.0,5.0,6.0
Misbah,0.488186,0.145594,0.198995,0.719758,0.874292,0.477217,0.13236,0.189526,0.891924,0.700604,0,0.036411,0.103046,0.633278,0.615646,0,0.241543,0.285475,0.978404,0.95925,0.109183,0.095949,0.08648,0.258646,0.084958,2.426825,2.3916310000000003,1.388381,2.464672,0.485365,0.874292,0.145594,0.6352159999999999,0.12704319999999997,0.0663651568803992,4,4,4.0,7.0,4.0,4,2,3.0,6.0,2.0
Misbah,0.434285,0.16130199999999995,1.1617,0.154248,0.086617,0.446331,0.135268,0.857633,0.140376,0.094117,0,0.25830600000000004,0.768126,0.064741,0.010982,0,0.232272,1.251207,0.229883,0.169752,0.097004,0.393574,0.089507,0.075635,0.083135,1.675548,1.673725,0.5855429999999999,1.883114,0.33510959999999995,1.1617,-0.16130199999999995,0.7388549999999999,0.14777099999999999,0.12310362446816907,6,7,0.0,7.0,4.0,0,6,9.0,1.0,4.0
Misbah,0.098404,0.11734,0.180808,0.264567,0.168432,0.096683,0.109277,0.225469,0.246258,0.146258,0,0.035926,0.107457,0.146555,0.068729,0,0.190691,0.29882,0.36427,0.245961,0.081414,0.073351,0.118012,0.099703,0.077529,0.829551,0.823945,0.35866699999999996,1.099742,0.1659102,0.264567,0.098404,0.450009,0.09000179999999999,0.016644847700114294,7,4,4.0,4.0,4.0,1,4,4.0,3.0,2.0
Misbah,0.200252,0.812662,0.280827,1.2381,0.24958,0.210037,0.829764,0.56615,0.95188,0.245417,0,0.725348,0.176411,0.848361,0.146061,0,0.917078,0.670566,1.3416190000000001,0.348936,0.087314,0.104416,0.389739,0.103519,0.099356,2.781421,2.803248,1.8961810000000001,3.278199,0.5562842,1.2381,0.200252,0.784344,0.1568688,0.11659469953887268,4,4,7.0,0.0,5.0,3,2,6.0,9.0,2.0
Misbah,0.38381,0.678582,0.421695,0.615249,0.337795,0.352,0.717716,0.417926,0.621551,0.311839,0,0.611036,0.315015,0.512338,0.228582,0,0.785262,0.524606,0.724462,0.421052,0.067546,0.10668,0.102911,0.109213,0.083257,2.437131,2.421032,1.666971,2.455382,0.4874262,0.678582,0.337795,0.469607,0.0939214,0.01604256192258581,6,8,6.0,5.0,5.0,5,7,5.0,1.0,3.0
Misbah,2.044264,0.83031,0.208182,0.245769,1.155202,2.055903,0.821456,0.176713,0.299522,1.120421,0,0.735414,0.12214,0.191196,1.046876,0,0.916352,0.262755,0.354095,1.228747,0.094896,0.086042,0.054573,0.108326,0.073545,4.483727,4.474015,2.0956259999999998,2.761949,0.8967454,2.044264,0.208182,0.41738200000000003,0.0834764,0.01837678658090146,6,0,5.0,5.0,6.0,5,9,3.0,2.0,5.0
Misbah,0.390219,0.204845,0.171984,0.113216,0.311504,0.382164,0.233169,0.165198,0.146139,0.297588,0,0.139355,0.07817,0.026188,0.191553,0,0.298659,0.259012,0.233167,0.417539,0.06549,0.093814,0.087028,0.119951,0.106035,1.191768,1.224258,0.435266,1.208377,0.23835360000000003,0.390219,0.113216,0.472318,0.09446360000000001,0.0183231246309138,0,4,4.0,4.0,0.0,9,1,4.0,2.0,9.0
Misbah,0.48083,0.207468,0.200429,0.461406,0.226935,0.475636,0.224367,0.169398,0.480294,0.189417,0,0.106627,0.082689,0.374697,0.121338,0,0.325208,0.287138,0.567003,0.295014,0.100841,0.11774,0.086709,0.105597,0.068079,1.577068,1.539112,0.685351,1.474363,0.3154136,0.48083,0.200429,0.478966,0.0957932,0.01705201677690941,5,5,5.0,0.0,4.0,1,6,1.0,9.0,2.0
Misbah,0.251856,0.321963,0.125872,0.227945,0.197605,0.288298,0.299941,0.153967,0.200933,0.216678,0,0.217442,0.043373,0.117351,0.114023,0,0.404462,0.236466,0.311527,0.30026,0.104521,0.082499,0.110594,0.083582,0.102655,1.125241,1.159817,0.492189,1.252715,0.22504820000000003,0.321963,0.125872,0.48385100000000003,0.0967702,0.011518671683835769,4,4,4.0,4.0,4.0,4,2,4.0,3.0,2.0
Misbah,0.334879,0.348566,0.227497,0.1569,0.080813,0.316377,0.368604,0.232093,0.123012,0.093824,0,0.264413,0.123306,0.048113,0.005914,0,0.452757,0.336284,0.231799,0.168723,0.084153,0.104191,0.108787,0.074899,0.08791,1.148655,1.13391,0.441746,1.1895630000000001,0.229731,0.348566,0.080813,0.45994,0.091988,0.01265836355932314,0,4,4.0,4.0,4.0,9,3,1.0,4.0,2.0
Misbah,0.11395,0.158872,0.773675,0.289949,0.245278,0.117502,0.213658,0.734128,0.244441,0.283314,0,0.06741,0.627427,0.183248,0.184085,0,0.30512,0.880376,0.351142,0.344507,0.091462,0.146248,0.106701,0.061193,0.099229,1.581724,1.593043,1.06217,1.881145,0.3163448,0.773675,0.11395,0.504833,0.10096659999999999,0.027417455976804266,4,4,4.0,4.0,4.0,5,4,4.0,2.0,2.0
Misbah,0.18678,0.519843,0.42507,0.0,0.0,0.170296,0.515802,0.437468,0.0,0.0,0,0.437098,0.346366,0.0,0.0,0,0.598547,0.516172,0.0,0.0,0.082745,0.078704,0.091102,0.0,0.0,1.131693,1.123566,0.7834639999999999,1.114719,0.37723100000000004,0.519843,0.18678,0.252551,0.08418366666666667,0.005162681624461805,4,6,0.0,0.0,0.0,2,5,7.0,0.0,0.0
